{
    "$schema": "https://schema.management.azure.com/schemas/2015-01-01/deploymentParameters.json#",
    "contentVersion": "1.0.0.0",
    "parameters": {
        "location": {
            "value": "eastus"
        },
        "storageAccountName": {
            "value": "mysan12"
        },
        "accountType": {
            "value": "Standard_LRS"
        },
        "kind": {
            "value": "StorageV2"
        },
        "accessTier": {
            "value": "Hot"
        },
        "minimumTlsVersion": {
            "value": "TLS1_2"
        },
        "supportsHttpsTrafficOnly": {
            "value": true
        },
        "allowBlobPublicAccess": {
            "value": true
        },
        "allowSharedKeyAccess": {
            "value": true
        },
        "isHnsEnabled": {
            "value": true
        }
    }
}