{
    "$schema": "http://schema.management.azure.com/schemas/2015-01-01/deploymentTemplate.json#",
    "contentVersion": "1.0.0.0",
    "parameters": {
        "factoryName": {
            "type": "string",
            "metadata": "Data Factory name",
            "defaultValue": "pro123"
        },
        "AzureDataLakeStorage1_accountKey": {
            "type": "secureString",
            "metadata": "Secure string for 'accountKey' of 'AzureDataLakeStorage1'"
        },
        "AzureBlobStorage1_connectionString": {
            "type": "secureString",
            "metadata": "Secure string for 'connectionString' of 'AzureBlobStorage1'"
        },
        "AzureBlobStorage2_connectionString": {
            "type": "secureString",
            "metadata": "Secure string for 'connectionString' of 'AzureBlobStorage2'"
        },
        "AzureDataLakeStorage2_accountKey": {
            "type": "secureString",
            "metadata": "Secure string for 'accountKey' of 'AzureDataLakeStorage2'"
        },
        "AzureDataLakeStorage1_properties_typeProperties_url": {
            "type": "string",
            "defaultValue": "https://mysan123.dfs.core.windows.net"
        },
        "AzureDataLakeStorage2_properties_typeProperties_url": {
            "type": "string",
            "defaultValue": "https://mysan123.dfs.core.windows.net"
        }
    },
    "variables": {
        "factoryId": "[concat('Microsoft.DataFactory/factories/', parameters('factoryName'))]"
    },
    "resources": [
        {
            "name": "[concat(parameters('factoryName'), '/AzureDataLakeStorage1')]",
            "type": "Microsoft.DataFactory/factories/linkedServices",
            "apiVersion": "2018-06-01",
            "properties": {
                "annotations": [],
                "type": "AzureBlobFS",
                "typeProperties": {
                    "url": "[parameters('AzureDataLakeStorage1_properties_typeProperties_url')]",
                    "accountKey": {
                        "type": "SecureString",
                        "value": "[parameters('AzureDataLakeStorage1_accountKey')]"
                    }
                }
            },
            "dependsOn": []
        },
        {
            "name": "[concat(parameters('factoryName'), '/AzureBlobStorage1')]",
            "type": "Microsoft.DataFactory/factories/linkedServices",
            "apiVersion": "2018-06-01",
            "properties": {
                "annotations": [],
                "type": "AzureBlobStorage",
                "typeProperties": {
                    "connectionString": "[parameters('AzureBlobStorage1_connectionString')]"
                }
            },
            "dependsOn": []
        },
        {
            "name": "[concat(parameters('factoryName'), '/AzureBlobStorage2')]",
            "type": "Microsoft.DataFactory/factories/linkedServices",
            "apiVersion": "2018-06-01",
            "properties": {
                "annotations": [],
                "type": "AzureBlobStorage",
                "typeProperties": {
                    "connectionString": "[parameters('AzureBlobStorage2_connectionString')]"
                }
            },
            "dependsOn": []
        },
        {
            "name": "[concat(parameters('factoryName'), '/AzureDataLakeStorage2')]",
            "type": "Microsoft.DataFactory/factories/linkedServices",
            "apiVersion": "2018-06-01",
            "properties": {
                "annotations": [],
                "type": "AzureBlobFS",
                "typeProperties": {
                    "url": "[parameters('AzureDataLakeStorage2_properties_typeProperties_url')]",
                    "accountKey": {
                        "type": "SecureString",
                        "value": "[parameters('AzureDataLakeStorage2_accountKey')]"
                    }
                }
            },
            "dependsOn": []
        },
        {
            "name": "[concat(parameters('factoryName'), '/Json2')]",
            "type": "Microsoft.DataFactory/factories/datasets",
            "apiVersion": "2018-06-01",
            "properties": {
                "linkedServiceName": {
                    "referenceName": "AzureDataLakeStorage1",
                    "type": "LinkedServiceReference"
                },
                "annotations": [],
                "type": "Json",
                "typeProperties": {
                    "location": {
                        "type": "AzureBlobFSLocation",
                        "fileSystem": "projoutput"
                    }
                },
                "schema": {}
            },
            "dependsOn": [
                "[concat(variables('factoryId'), '/linkedServices/AzureDataLakeStorage1')]"
            ]
        },
        {
            "name": "[concat(parameters('factoryName'), '/Json1')]",
            "type": "Microsoft.DataFactory/factories/datasets",
            "apiVersion": "2018-06-01",
            "properties": {
                "linkedServiceName": {
                    "referenceName": "AzureBlobStorage1",
                    "type": "LinkedServiceReference"
                },
                "parameters": {
                    "sourceip": {
                        "type": "String"
                    }
                },
                "annotations": [],
                "type": "Json",
                "typeProperties": {
                    "location": {
                        "type": "AzureBlobStorageLocation",
                        "fileName": {
                            "value": "@dataset().sourceip",
                            "type": "Expression"
                        },
                        "container": "projeinput"
                    }
                },
                "schema": {
                    "type": "object",
                    "properties": {
                        "address": {
                            "type": "string"
                        },
                        "attributes": {
                            "type": "object",
                            "properties": {
                                "BusinessAcceptsCreditCards": {
                                    "type": "boolean"
                                },
                                "BusinessParking": {
                                    "type": "object",
                                    "properties": {
                                        "garage": {
                                            "type": "boolean"
                                        },
                                        "street": {
                                            "type": "boolean"
                                        },
                                        "validated": {
                                            "type": "boolean"
                                        },
                                        "lot": {
                                            "type": "boolean"
                                        },
                                        "valet": {
                                            "type": "boolean"
                                        }
                                    }
                                },
                                "Caters": {
                                    "type": "boolean"
                                },
                                "WiFi": {
                                    "type": "string"
                                },
                                "OutdoorSeating": {
                                    "type": "boolean"
                                },
                                "RestaurantsPriceRange2": {
                                    "type": "integer"
                                },
                                "BikeParking": {
                                    "type": "boolean"
                                },
                                "RestaurantsDelivery": {
                                    "type": "boolean"
                                },
                                "RestaurantsTakeOut": {
                                    "type": "boolean"
                                },
                                "WheelchairAccessible": {
                                    "type": "boolean"
                                },
                                "GoodForMeal": {
                                    "type": "object",
                                    "properties": {
                                        "dessert": {
                                            "type": "boolean"
                                        },
                                        "latenight": {
                                            "type": "boolean"
                                        },
                                        "lunch": {
                                            "type": "boolean"
                                        },
                                        "dinner": {
                                            "type": "boolean"
                                        },
                                        "brunch": {
                                            "type": "boolean"
                                        },
                                        "breakfast": {
                                            "type": "boolean"
                                        }
                                    }
                                },
                                "Alcohol": {
                                    "type": "string"
                                },
                                "HasTV": {
                                    "type": "boolean"
                                },
                                "GoodForKids": {
                                    "type": "boolean"
                                },
                                "NoiseLevel": {
                                    "type": "string"
                                },
                                "RestaurantsAttire": {
                                    "type": "string"
                                },
                                "RestaurantsReservations": {
                                    "type": "boolean"
                                },
                                "RestaurantsTableService": {
                                    "type": "boolean"
                                },
                                "Ambience": {
                                    "type": "object",
                                    "properties": {
                                        "romantic": {
                                            "type": "boolean"
                                        },
                                        "intimate": {
                                            "type": "boolean"
                                        },
                                        "classy": {
                                            "type": "boolean"
                                        },
                                        "hipster": {
                                            "type": "boolean"
                                        },
                                        "divey": {
                                            "type": "boolean"
                                        },
                                        "touristy": {
                                            "type": "boolean"
                                        },
                                        "trendy": {
                                            "type": "boolean"
                                        },
                                        "upscale": {
                                            "type": "boolean"
                                        },
                                        "casual": {
                                            "type": "boolean"
                                        }
                                    }
                                },
                                "RestaurantsGoodForGroups": {
                                    "type": "boolean"
                                },
                                "GoodForDancing": {
                                    "type": "boolean"
                                },
                                "Music": {
                                    "type": "object",
                                    "properties": {
                                        "dj": {
                                            "type": "boolean"
                                        },
                                        "background_music": {
                                            "type": "boolean"
                                        },
                                        "no_music": {
                                            "type": "boolean"
                                        },
                                        "jukebox": {
                                            "type": "boolean"
                                        },
                                        "live": {
                                            "type": "boolean"
                                        },
                                        "video": {
                                            "type": "boolean"
                                        },
                                        "karaoke": {
                                            "type": "boolean"
                                        }
                                    }
                                },
                                "BusinessAcceptsBitcoin": {
                                    "type": "boolean"
                                },
                                "HappyHour": {
                                    "type": "boolean"
                                },
                                "DogsAllowed": {
                                    "type": "boolean"
                                },
                                "BestNights": {
                                    "type": "object",
                                    "properties": {
                                        "monday": {
                                            "type": "boolean"
                                        },
                                        "tuesday": {
                                            "type": "boolean"
                                        },
                                        "friday": {
                                            "type": "boolean"
                                        },
                                        "wednesday": {
                                            "type": "boolean"
                                        },
                                        "thursday": {
                                            "type": "boolean"
                                        },
                                        "sunday": {
                                            "type": "boolean"
                                        },
                                        "saturday": {
                                            "type": "boolean"
                                        }
                                    }
                                },
                                "CoatCheck": {
                                    "type": "boolean"
                                },
                                "Smoking": {
                                    "type": "string"
                                }
                            }
                        },
                        "business_id": {
                            "type": "string"
                        },
                        "categories": {
                            "type": "array",
                            "items": {
                                "type": "string"
                            }
                        },
                        "city": {
                            "type": "string"
                        },
                        "hours": {
                            "type": "object",
                            "properties": {
                                "Monday": {
                                    "type": "string"
                                },
                                "Tuesday": {
                                    "type": "string"
                                },
                                "Friday": {
                                    "type": "string"
                                },
                                "Wednesday": {
                                    "type": "string"
                                },
                                "Thursday": {
                                    "type": "string"
                                },
                                "Sunday": {
                                    "type": "string"
                                },
                                "Saturday": {
                                    "type": "string"
                                }
                            }
                        },
                        "is_open": {
                            "type": "integer"
                        },
                        "latitude": {
                            "type": "number"
                        },
                        "longitude": {
                            "type": "number"
                        },
                        "name": {
                            "type": "string"
                        },
                        "neighborhood": {
                            "type": "string"
                        },
                        "postal_code": {
                            "type": "string"
                        },
                        "review_count": {
                            "type": "integer"
                        },
                        "stars": {
                            "type": "number"
                        },
                        "state": {
                            "type": "string"
                        }
                    }
                }
            },
            "dependsOn": [
                "[concat(variables('factoryId'), '/linkedServices/AzureBlobStorage1')]"
            ]
        },
        {
            "name": "[concat(parameters('factoryName'), '/pipeline1')]",
            "type": "Microsoft.DataFactory/factories/pipelines",
            "apiVersion": "2018-06-01",
            "properties": {
                "activities": [
                    {
                        "name": "Copy data1",
                        "type": "Copy",
                        "dependsOn": [],
                        "policy": {
                            "timeout": "7.00:00:00",
                            "retry": 0,
                            "retryIntervalInSeconds": 30,
                            "secureOutput": false,
                            "secureInput": false
                        },
                        "userProperties": [
                            {
                                "name": "Source",
                                "value": "projeinput//@{pipeline().parameters.sourceinput}"
                            }
                        ],
                        "typeProperties": {
                            "source": {
                                "type": "JsonSource",
                                "storeSettings": {
                                    "type": "AzureBlobStorageReadSettings",
                                    "recursive": true,
                                    "enablePartitionDiscovery": false
                                },
                                "formatSettings": {
                                    "type": "JsonReadSettings"
                                }
                            },
                            "sink": {
                                "type": "JsonSink",
                                "storeSettings": {
                                    "type": "AzureBlobFSWriteSettings"
                                },
                                "formatSettings": {
                                    "type": "JsonWriteSettings"
                                }
                            },
                            "enableStaging": false
                        },
                        "inputs": [
                            {
                                "referenceName": "Json1",
                                "type": "DatasetReference",
                                "parameters": {
                                    "sourceip": {
                                        "value": "@pipeline().parameters.sourceinput",
                                        "type": "Expression"
                                    }
                                }
                            }
                        ],
                        "outputs": [
                            {
                                "referenceName": "Json2",
                                "type": "DatasetReference",
                                "parameters": {}
                            }
                        ]
                    }
                ],
                "parameters": {
                    "sourceinput": {
                        "type": "string"
                    }
                },
                "annotations": [],
                "lastPublishTime": "2021-02-18T08:27:12Z"
            },
            "dependsOn": [
                "[concat(variables('factoryId'), '/datasets/Json1')]",
                "[concat(variables('factoryId'), '/datasets/Json2')]"
            ]
        }
    ]
}