{
    "$schema": "https://schema.management.azure.com/schemas/2015-01-01/deploymentParameters.json#",
    "contentVersion": "1.0.0.0",
    "parameters": {
        "factoryName": {
            "value": "pro123"
        },
        "AzureDataLakeStorage1_accountKey": {
            "value": ""
        },
        "AzureBlobStorage1_connectionString": {
            "value": ""
        },
        "AzureBlobStorage2_connectionString": {
            "value": ""
        },
        "AzureDataLakeStorage2_accountKey": {
            "value": ""
        },
        "AzureDataLakeStorage1_properties_typeProperties_url": {
            "value": "https://mysan123.dfs.core.windows.net"
        },
        "AzureDataLakeStorage2_properties_typeProperties_url": {
            "value": "https://mysan123.dfs.core.windows.net"
        },
        "containerUri": {
            "value": ""
        },
        "containerSasToken": {
            "value": ""
        }
    }
}